{"info":{"_postman_id":"056b9b09-4528-44d3-b2ce-3e71804dea29","name":"Heroku","schema":"https://schema.getpostman.com/json/collection/v2.1.0/collection.json"},"item":[{"name":"Get Students","id":"06bcfeaa-31bd-461e-94cc-9d6d8cc43fac","protocolProfileBehavior":{"disableBodyPruning":true},"request":{"method":"GET","header":[],"url":{"raw":"https://wad-graphql.herokuapp.com/api/v1/students/1","protocol":"https","host":["wad-graphql","herokuapp","com"],"path":["api","v1","students","1"]}},"response":[]},{"name":"Get Courses","id":"e86ca2a3-720d-4279-9366-6e44bee6c514","protocolProfileBehavior":{"disableBodyPruning":true},"request":{"method":"GET","header":[],"url":{"raw":"https://wad-graphql.herokuapp.com/api/v1/courses","protocol":"https","host":["wad-graphql","herokuapp","com"],"path":["api","v1","courses"]}},"response":[]},{"name":"Get Professors","id":"a53f0214-7a75-4e78-8e46-1c65e47460d3","protocolProfileBehavior":{"disableBodyPruning":true},"request":{"method":"GET","header":[],"url":{"raw":"https://wad-graphql.herokuapp.com/api/v1/professors","protocol":"https","host":["wad-graphql","herokuapp","com"],"path":["api","v1","professors"]}},"response":[]},{"name":"Add Course","id":"c0d3f03c-890e-46c0-be74-117ee955f308","protocolProfileBehavior":{"disableBodyPruning":true},"request":{"method":"POST","header":[],"body":{"mode":"raw","raw":"{\"title\": \"New Course\", \"description\": \"New Course description\"}","options":{"raw":{"language":"json"}}},"url":{"raw":"https://wad-graphql.herokuapp.com/api/v1/courses","protocol":"https","host":["wad-graphql","herokuapp","com"],"path":["api","v1","courses"]}},"response":[]},{"name":"Update Course","id":"3a31a07d-a139-4c78-816b-e1b8e43ca0b3","protocolProfileBehavior":{"disableBodyPruning":true},"request":{"method":"PUT","header":[],"body":{"mode":"raw","raw":"{\"title\": \"Updated Course\"}","options":{"raw":{"language":"json"}}},"url":{"raw":"https://wad-graphql.herokuapp.com/api/v1/courses/1","protocol":"https","host":["wad-graphql","herokuapp","com"],"path":["api","v1","courses","1"]}},"response":[]},{"name":"Delete Course","id":"a74c08bc-3145-4b40-bed2-cdeddb491f45","protocolProfileBehavior":{"disableBodyPruning":true},"request":{"method":"DELETE","header":[],"url":{"raw":"https://wad-graphql.herokuapp.com/api/v1/courses/2","protocol":"https","host":["wad-graphql","herokuapp","com"],"path":["api","v1","courses","2"]}},"response":[]}]}