{"info":{"_postman_id":"1af0d487-b7d7-5fa4-2a4d-0afef2edc585","name":"Availibilities - Test 2 copy","schema":"https://schema.getpostman.com/json/collection/v2.1.0/collection.json"},"item":[{"name":"All Availabilities","id":"b93ad5e9-d97b-bc73-1454-9045626cd236","request":{"auth":{"type":"basic","basic":[{"key":"username","value":"printInterfaceUser","type":"string"},{"key":"password","value":"nimda","type":"string"},{"key":"saveHelperData","type":"any"},{"key":"showPassword","value":false,"type":"boolean"}]},"method":"GET","header":[{"key":"Accept-Language","value":"de_DE"},{"key":"print-context","value":"#en#EUR"},{"key":"Authorization","value":"Basic cHJpbnRJbnRlcmZhY2VVc2VyOm5pbWRh"}],"body":{"mode":"formdata","formdata":[]},"url":{"raw":"http://test2-1.schluter.com/schluterprintcore/rest/productavailabilityassignments","protocol":"http","host":["test2-1","schluter","com"],"path":["schluterprintcore","rest","productavailabilityassignments"]}},"response":[]},{"name":"Get Single Availability Assignment","id":"833772ff-338c-c9db-77f0-3d63d7225d71","request":{"auth":{"type":"basic","basic":[{"key":"username","value":"printInterfaceUser","type":"string"},{"key":"password","value":"nimda","type":"string"},{"key":"saveHelperData","type":"any"},{"key":"showPassword","value":false,"type":"boolean"}]},"method":"GET","header":[{"key":"print-context","value":"de#deu#EUR"},{"key":"Accept-Language","value":"de_DE"}],"body":{"mode":"formdata","formdata":[]},"url":{"raw":"http://test2-1.schluter.com/schluterprintcore/rest/catalogs/schluterProductCatalog/catalogversions/Staged/productavailabilityassignments/LT-EU_WEB_BAU2017","protocol":"http","host":["test2-1","schluter","com"],"path":["schluterprintcore","rest","catalogs","schluterProductCatalog","catalogversions","Staged","productavailabilityassignments","LT-EU_WEB_BAU2017"]}},"response":[]},{"name":"Get Single Variant Product","id":"7edc55ac-dba7-cfd5-ad85-3e09bca85665","request":{"auth":{"type":"basic","basic":[{"key":"username","value":"printInterfaceUser","type":"string"},{"key":"password","value":"nimda","type":"string"},{"key":"saveHelperData","type":"any"},{"key":"showPassword","value":false,"type":"boolean"}]},"method":"GET","header":[{"key":"Accept-Language","value":"de_DE"},{"key":"print-context","value":"de#deu#EUR"}],"body":{"mode":"formdata","formdata":[]},"url":{"raw":"http://test2-1.schluter.com/schluterprintcore/rest/catalogs/schluterProductCatalog/catalogversions/Staged/schlutervariantproducts/LTEBR1","protocol":"http","host":["test2-1","schluter","com"],"path":["schluterprintcore","rest","catalogs","schluterProductCatalog","catalogversions","Staged","schlutervariantproducts","LTEBR1"]}},"response":[]}]}