{"info":{"_postman_id":"1b6fefd6-4a09-4a2a-9bce-8583c47c7b3f","name":"Query","schema":"https://schema.getpostman.com/json/collection/v2.1.0/collection.json"},"item":[{"name":"Basic Query","id":"3c62d324-52e7-46d3-974f-5d8407cf1d70","protocolProfileBehavior":{"disableBodyPruning":true},"request":{"method":"POST","header":[],"body":{"mode":"graphql","graphql":{"query":"query{\n    allCourses {\n        id\n        title\n        opis:description\n    }\n    allStudents {\n        name\n    }\n}","variables":""}},"url":{"raw":"http://localhost:8080/graphql","protocol":"http","host":["localhost"],"port":"8080","path":["graphql"]}},"response":[]},{"name":"Course Professors","id":"5c15bd51-1270-48d9-b987-10eeb55fdfde","protocolProfileBehavior":{"disableBodyPruning":true},"request":{"method":"POST","header":[],"body":{"mode":"graphql","graphql":{"query":"query{\n    allCourses {\n        id\n        title\n        description\n        professors\n        {\n            id\n            name\n        }\n    }\n}","variables":""}},"url":{"raw":"http://localhost:8080/graphql","protocol":"http","host":["localhost"],"port":"8080","path":["graphql"]}},"response":[]},{"name":"Variable","id":"a9d6bfb8-839b-44be-96fe-990b2eb6b067","protocolProfileBehavior":{"disableBodyPruning":true},"request":{"method":"POST","header":[],"body":{"mode":"graphql","graphql":{"query":"query($sendProfessors: Boolean!){\n    allCourses {\n        id\n        title\n        description\n        professors @include(if:$sendProfessors)\n        {\n            id\n            name\n        }\n    }\n}","variables":"{\n    \"sendProfessors\":false\n}"}},"url":{"raw":"http://localhost:8080/graphql","protocol":"http","host":["localhost"],"port":"8080","path":["graphql"]}},"response":[]},{"name":"Union","id":"41b1b179-2a40-4f43-9346-8acf1fe9aca0","protocolProfileBehavior":{"disableBodyPruning":true},"request":{"method":"POST","header":[],"body":{"mode":"graphql","graphql":{"query":"query {\n    allAll {\n        ... on Professor {\n            name\n        }\n        ... on Student\n        {\n            name\n        }\n    }\n}","variables":""}},"url":{"raw":"http://localhost:8080/graphql","protocol":"http","host":["localhost"],"port":"8080","path":["graphql"]}},"response":[]},{"name":"Interface","id":"9ba8e077-a075-4c25-9370-41588af9012b","protocolProfileBehavior":{"disableBodyPruning":true},"request":{"method":"POST","header":[],"body":{"mode":"graphql","graphql":{"query":"query {\n    allWorkshopParticipants {\n        ... on Professor {\n            name\n        }\n        ... on Student\n        {\n            name\n        }\n    }\n}","variables":""}},"url":{"raw":"http://localhost:8080/graphql","protocol":"http","host":["localhost"],"port":"8080","path":["graphql"]}},"response":[]},{"name":"Fragment","id":"ce6eeae0-f9eb-4927-a2a2-06cf682d912f","protocolProfileBehavior":{"disableBodyPruning":true},"request":{"method":"POST","header":[],"body":{"mode":"graphql","graphql":{"query":"query {\n    allWorkshopParticipants {\n        ...on Student{\n            name\n        }\n        ...professorFragment\n    }\n}\n\nfragment professorFragment on Professor {\n    name_in_fragment: name\n    id @include(if:true)\n}","variables":""}},"url":{"raw":"http://localhost:8080/graphql","protocol":"http","host":["localhost"],"port":"8080","path":["graphql"]}},"response":[]}]}