{"info":{"_postman_id":"69b9eb16-4a97-a9cf-7c0b-f4bec97e9664","name":"Availibilities - Test 2 copy","schema":"https://schema.getpostman.com/json/collection/v2.1.0/collection.json"},"item":[{"name":"All Availabilities","id":"9bdc148c-4ea9-746d-8ff2-34b3505bf5a5","request":{"auth":{"type":"basic","basic":[{"key":"username","value":"printInterfaceUser","type":"string"},{"key":"password","value":"nimda","type":"string"},{"key":"saveHelperData","type":"any"},{"key":"showPassword","value":false,"type":"boolean"}]},"method":"GET","header":[{"key":"Accept-Language","value":"de_DE"},{"key":"print-context","value":"#en#EUR"},{"key":"Authorization","value":"Basic cHJpbnRJbnRlcmZhY2VVc2VyOm5pbWRh"}],"body":{"mode":"formdata","formdata":[]},"url":{"raw":"http://test2-1.schluter.com/schluterprintcore/rest/productavailabilityassignments","protocol":"http","host":["test2-1","schluter","com"],"path":["schluterprintcore","rest","productavailabilityassignments"]}},"response":[]},{"name":"Get Single Availability Assignment","id":"c36097d8-009e-d28f-cc59-36dfde6a122a","request":{"auth":{"type":"basic","basic":[{"key":"username","value":"printInterfaceUser","type":"string"},{"key":"password","value":"nimda","type":"string"},{"key":"saveHelperData","type":"any"},{"key":"showPassword","value":false,"type":"boolean"}]},"method":"GET","header":[{"key":"print-context","value":"de#deu#EUR"},{"key":"Accept-Language","value":"de_DE"}],"body":{"mode":"formdata","formdata":[]},"url":{"raw":"http://test2-1.schluter.com/schluterprintcore/rest/catalogs/schluterProductCatalog/catalogversions/Staged/productavailabilityassignments/LT-EU_WEB_BAU2017","protocol":"http","host":["test2-1","schluter","com"],"path":["schluterprintcore","rest","catalogs","schluterProductCatalog","catalogversions","Staged","productavailabilityassignments","LT-EU_WEB_BAU2017"]}},"response":[]},{"name":"Get Single Variant Product","id":"364dfc17-6889-6197-31d9-66ccd78dbe1d","request":{"auth":{"type":"basic","basic":[{"key":"username","value":"printInterfaceUser","type":"string"},{"key":"password","value":"nimda","type":"string"},{"key":"saveHelperData","type":"any"},{"key":"showPassword","value":false,"type":"boolean"}]},"method":"GET","header":[{"key":"Accept-Language","value":"de_DE"},{"key":"print-context","value":"de#deu#EUR"}],"body":{"mode":"formdata","formdata":[]},"url":{"raw":"http://test2-1.schluter.com/schluterprintcore/rest/catalogs/schluterProductCatalog/catalogversions/Staged/schlutervariantproducts/LTEBR1","protocol":"http","host":["test2-1","schluter","com"],"path":["schluterprintcore","rest","catalogs","schluterProductCatalog","catalogversions","Staged","schlutervariantproducts","LTEBR1"]}},"response":[]}]}