{"info":{"_postman_id":"a23c6001-7922-4a4a-a91e-539b631e95f7","name":"REST","schema":"https://schema.getpostman.com/json/collection/v2.1.0/collection.json"},"item":[{"name":"Get Students","id":"3fcbea2d-0c53-45b0-bff8-c6de610dd6f1","protocolProfileBehavior":{"disableBodyPruning":true},"request":{"method":"GET","header":[],"url":{"raw":"http://localhost:8080/api/v1/students","protocol":"http","host":["localhost"],"port":"8080","path":["api","v1","students"]}},"response":[]},{"name":"Get Courses","id":"30577fd7-a4fc-47da-b1e0-d6bf164db52f","protocolProfileBehavior":{"disableBodyPruning":true},"request":{"method":"GET","header":[],"url":{"raw":"http://localhost:8080/api/v1/courses","protocol":"http","host":["localhost"],"port":"8080","path":["api","v1","courses"]}},"response":[]},{"name":"Get Professors","id":"28358087-91dc-4268-bfd3-b93b9970ce69","protocolProfileBehavior":{"disableBodyPruning":true},"request":{"method":"GET","header":[],"url":{"raw":"http://localhost:8080/api/v1/professors","protocol":"http","host":["localhost"],"port":"8080","path":["api","v1","professors"]}},"response":[]},{"name":"Add Course","id":"30b4dba0-c8b5-42ec-b9d3-42247fb6ef7d","protocolProfileBehavior":{"disableBodyPruning":true},"request":{"method":"POST","header":[],"body":{"mode":"raw","raw":"{\"title\": \"New Course\", \"description\": \"New Course description\"}","options":{"raw":{"language":"json"}}},"url":{"raw":"http://localhost:8080/api/v1/courses","protocol":"http","host":["localhost"],"port":"8080","path":["api","v1","courses"]}},"response":[]},{"name":"Update Course","id":"ed061c10-101b-4727-915a-313a787d1148","protocolProfileBehavior":{"disableBodyPruning":true},"request":{"method":"PUT","header":[],"body":{"mode":"raw","raw":"{\"title\": \"Updated Course\"}","options":{"raw":{"language":"json"}}},"url":{"raw":"http://localhost:8080/api/v1/courses/1","protocol":"http","host":["localhost"],"port":"8080","path":["api","v1","courses","1"]}},"response":[]},{"name":"Delete Course","id":"135863a3-285d-42f8-a3b3-6f6e84e08f9c","protocolProfileBehavior":{"disableBodyPruning":true},"request":{"method":"DELETE","header":[],"url":{"raw":"http://localhost:8080/api/v1/courses/2","protocol":"http","host":["localhost"],"port":"8080","path":["api","v1","courses","2"]}},"response":[]}]}