{"info":{"_postman_id":"ba0cb168-7dd4-7bb2-72a3-dc085e71e030","name":"Availibilities - Test 2","schema":"https://schema.getpostman.com/json/collection/v2.1.0/collection.json"},"item":[{"name":"All Availabilities","id":"2ff9a8e5-2950-395c-149e-d9d5c75e2fc2","request":{"auth":{"type":"basic","basic":[{"key":"username","value":"printInterfaceUser","type":"string"},{"key":"password","value":"nimda","type":"string"},{"key":"saveHelperData","type":"any"},{"key":"showPassword","value":false,"type":"boolean"}]},"method":"GET","header":[{"key":"Accept-Language","value":"de_DE"},{"key":"print-context","value":"#en#EUR"},{"key":"Authorization","value":"Basic cHJpbnRJbnRlcmZhY2VVc2VyOm5pbWRh"}],"body":{"mode":"formdata","formdata":[]},"url":{"raw":"http://test2-1.schluter.com/schluterprintcore/rest/productavailabilityassignments","protocol":"http","host":["test2-1","schluter","com"],"path":["schluterprintcore","rest","productavailabilityassignments"]}},"response":[]},{"name":"Get Single Availability Assignment","id":"400cd368-518e-95d0-bb84-9638960639a3","request":{"auth":{"type":"basic","basic":[{"key":"username","value":"printInterfaceUser","type":"string"},{"key":"password","value":"nimda","type":"string"},{"key":"saveHelperData","type":"any"},{"key":"showPassword","value":false,"type":"boolean"}]},"method":"GET","header":[{"key":"print-context","value":"de#deu#EUR"},{"key":"Accept-Language","value":"de_DE"}],"body":{"mode":"formdata","formdata":[]},"url":{"raw":"http://test2-1.schluter.com/schluterprintcore/rest/catalogs/schluterProductCatalog/catalogversions/Staged/productavailabilityassignments/LT-EU_WEB_BAU2017","protocol":"http","host":["test2-1","schluter","com"],"path":["schluterprintcore","rest","catalogs","schluterProductCatalog","catalogversions","Staged","productavailabilityassignments","LT-EU_WEB_BAU2017"]}},"response":[]},{"name":"Get Single Variant Product","id":"f9780121-4d8f-8911-e4fe-181b0dc52a8b","request":{"auth":{"type":"basic","basic":[{"key":"username","value":"printInterfaceUser","type":"string"},{"key":"password","value":"nimda","type":"string"},{"key":"saveHelperData","type":"any"},{"key":"showPassword","value":false,"type":"boolean"}]},"method":"GET","header":[{"key":"Accept-Language","value":"de_DE"},{"key":"print-context","value":"de#deu#EUR"}],"body":{"mode":"formdata","formdata":[]},"url":{"raw":"http://test2-1.schluter.com/schluterprintcore/rest/catalogs/schluterProductCatalog/catalogversions/Staged/schlutervariantproducts/LTEBR1","protocol":"http","host":["test2-1","schluter","com"],"path":["schluterprintcore","rest","catalogs","schluterProductCatalog","catalogversions","Staged","schlutervariantproducts","LTEBR1"]}},"response":[]}]}