{"info":{"_postman_id":"d398610c-692a-4d14-92ff-cbd6add3c37e","name":"Subscription","schema":"https://schema.getpostman.com/json/collection/v2.1.0/collection.json"},"item":[{"name":"Subscription","id":"2c7075e9-706b-496f-8c16-f79baa9f3ea1","protocolProfileBehavior":{"disableBodyPruning":true},"request":{"method":"POST","header":[],"body":{"mode":"graphql","graphql":{"query":"subscription{\n    studentLevel(studentId:2)\n    {\n        name\n        level\n    }\n}","variables":""}},"url":{"raw":"http://localhost:8080/graphql","protocol":"http","host":["localhost"],"port":"8080","path":["graphql"]}},"response":[]},{"name":"Get Grades","id":"67f75336-1a61-4eb7-9fa0-3ae92938e680","protocolProfileBehavior":{"disableBodyPruning":true},"request":{"method":"POST","header":[],"body":{"mode":"graphql","graphql":{"query":"subscription{\n    getGrades(courseId:1)\n    {\n        course{\n            title\n        }\n        student{\n            name\n        }\n        grade\n    }\n}","variables":""}},"url":{"raw":"http://localhost:8080/graphql","protocol":"http","host":["localhost"],"port":"8080","path":["graphql"]}},"response":[]}]}