{"info":{"_postman_id":"d5ab76b4-e76b-4162-8ae0-0adac5e0a56f","name":"Mutation","schema":"https://schema.getpostman.com/json/collection/v2.1.0/collection.json"},"item":[{"name":"Create Course","id":"2e8ca52f-8253-46ba-aa81-ac60898c1b51","protocolProfileBehavior":{"disableBodyPruning":true},"request":{"method":"POST","header":[],"body":{"mode":"graphql","graphql":{"query":"mutation {\n    createCourse(title: \"Mutation Course\", description: \"Created by mutation\"){\n        id\n        title\n    }\n}","variables":""}},"url":{"raw":"http://localhost:8080/graphql","protocol":"http","host":["localhost"],"port":"8080","path":["graphql"]}},"response":[]},{"name":"Create Course Multiple","id":"27160691-ae27-496a-9ceb-942d5882f157","protocolProfileBehavior":{"disableBodyPruning":true},"request":{"method":"POST","header":[],"body":{"mode":"graphql","graphql":{"query":"mutation {\n    create1: createCourse(title: \"Multiple Course\", description: \"Created by multiple mutation 1\"){\n        title\n        id\n    }\n    create2: createCourse(title: \"Mutation Course 2\", description: \"Created by mutlple mutation 2\"){\n        id\n        title\n    }\n}","variables":""}},"url":{"raw":"http://localhost:8080/graphql","protocol":"http","host":["localhost"],"port":"8080","path":["graphql"]}},"response":[]},{"name":"Create Course By Input","id":"fb2a8837-599c-4547-a2b5-9049aa70e624","protocolProfileBehavior":{"disableBodyPruning":true},"request":{"method":"POST","header":[],"body":{"mode":"graphql","graphql":{"query":"mutation {\n    createCourseByInput(input: {title: \"Mutation Course\", description: \"Created by mutation\"}){\n        id\n    }\n}","variables":""}},"url":{"raw":"http://localhost:8080/graphql","protocol":"http","host":["localhost"],"port":"8080","path":["graphql"]}},"response":[]},{"name":"Update Couse","id":"c8cd829e-010f-4ce5-a8d9-f923db8fb98e","protocolProfileBehavior":{"disableBodyPruning":true},"request":{"method":"POST","header":[],"body":{"mode":"graphql","graphql":{"query":"mutation {\n    updateCourse(id: 4, title: \"Updated Course\", description: \"Updated by mutation\"){\n        id\n        title\n        description\n    }\n}","variables":""}},"url":{"raw":"http://localhost:8080/graphql","protocol":"http","host":["localhost"],"port":"8080","path":["graphql"]}},"response":[]},{"name":"Update Couse By Input","id":"128c51ec-d0bb-4a81-b6e1-5e2a6f1157fa","protocolProfileBehavior":{"disableBodyPruning":true},"request":{"method":"POST","header":[],"body":{"mode":"graphql","graphql":{"query":"mutation {\n    updateCourseByInput(input: {id: 4, title: \"Updated Course\", description: \"Updated description\" }){\n        id\n        title\n        description\n    }\n}","variables":""}},"url":{"raw":"http://localhost:8080/graphql","protocol":"http","host":["localhost"],"port":"8080","path":["graphql"]}},"response":[]},{"name":"Update Couse With Students And Professors","id":"a7182e20-5df9-4a83-ab4f-944bcac5f18b","protocolProfileBehavior":{"disableBodyPruning":true},"request":{"method":"POST","header":[],"body":{"mode":"graphql","graphql":{"query":"mutation {\n    updateCourseByInput(input: {id: 4, title: \"Updated Course\", description: \"Updated by mutation\", professors: [1]}){\n        id\n        title\n        professors{\n            name\n        }\n    }\n}","variables":""}},"url":{"raw":"http://localhost:8080/graphql","protocol":"http","host":["localhost"],"port":"8080","path":["graphql"]}},"response":[]},{"name":"Update Couse Error","id":"451841a9-7fe1-48f3-aba1-7c2fccec2a8c","protocolProfileBehavior":{"disableBodyPruning":true},"request":{"method":"POST","header":[],"body":{"mode":"graphql","graphql":{"query":"mutation {\n    updateCourseByInput(input: {id: 50, title: \"Updated Course\", description: \"Updated by mutation\"}){\n        id\n        title\n    }\n}","variables":""}},"url":{"raw":"http://localhost:8080/graphql","protocol":"http","host":["localhost"],"port":"8080","path":["graphql"]}},"response":[]},{"name":"Create Course with Variable","id":"e0671cca-2f33-44d5-b752-f74fbc44142c","protocolProfileBehavior":{"disableBodyPruning":true},"request":{"method":"POST","header":[],"body":{"mode":"graphql","graphql":{"query":"mutation ($courseInput: CreateCourseInput) {\n    createCourseByInput(input: $courseInput){\n        id\n    }\n}","variables":"{\n    \"courseInput\":{\n        \"title\": \"test input variable\", \n        \"description\": \"Test description\"\n    }\n}"}},"url":{"raw":"http://localhost:8080/graphql","protocol":"http","host":["localhost"],"port":"8080","path":["graphql"]}},"response":[]},{"name":"All Courses","id":"c0cc4991-de09-4b9e-9587-d343ad829b8d","protocolProfileBehavior":{"disableBodyPruning":true},"request":{"method":"POST","header":[],"body":{"mode":"graphql","graphql":{"query":"query  {\n    allCourses{\n        id\n        title\n        description\n    }\n}","variables":"{\n    \"courseInput\":{\n        \"title\": \"test input variable\", \n        \"description\": \"Test description\"\n    }\n}"}},"url":{"raw":"http://localhost:8080/graphql","protocol":"http","host":["localhost"],"port":"8080","path":["graphql"]}},"response":[]},{"name":"Delete Course","id":"ff8c725b-aaa7-4e5b-89a0-9f8db8655666","protocolProfileBehavior":{"disableBodyPruning":true},"request":{"method":"POST","header":[],"body":{"mode":"graphql","graphql":{"query":"mutation  {\n    deleteCourse(id: 3)\n}","variables":"{\n    \"courseInput\":{\n        \"title\": \"test input variable\", \n        \"description\": \"Test description\"\n    }\n}"}},"url":{"raw":"http://localhost:8080/graphql","protocol":"http","host":["localhost"],"port":"8080","path":["graphql"]}},"response":[]}]}